{"0": 43.69095940959409, "1": 48.82577319587629, "2": 49.231808731808734, "3": 51.59150326797386, "4": 42.82188065099457, "5": 41.39947552447553, "6": 40.828448275862065, "7": 43.21259124087591, "8": 44.428705440900565, "9": 47.5512048192771, "10": 42.43817204301075, "11": 44.180037313432834, "12": 43.85277777777778, "13": 23.79949748743719, "14": 21.906105457909344, "15": 46.07101167315175, "16": 42.36225402504472, "17": 40.1364406779661, "18": 40.410409556313994, "19": 41.986702127659576, "20": 44.428705440900565, "21": 44.68018867924528, "22": 42.97731397459165, "23": 44.34550561797753, "24": 44.59604519774011, "25": 45.105714285714285, "26": 48.72530864197531, "27": 46.52357563850687, "28": 45.105714285714285, "29": 50.38404255319149, "30": 43.85277777777778, "31": 50.38404255319149, "32": 45.8036750483559, "33": 41.986702127659576, "34": 42.36225402504472, "35": 41.617750439367306, "36": 41.69102112676057, "37": 39.5994983277592, "38": 40.828448275862065, "39": 41.111979166666664, "40": 21.105614973262032, "41": 45.98155339805825, "42": 47.742943548387096, "43": 57.61678832116788, "44": 48.327551020408166, "45": 52.85825892857142, "46": 54.943155452436194, "47": 62.98005319148936, "48": 51.03556034482759, "49": 47.07852882703777, "50": 65.23553719008265, "51": 61.66796875, "52": 69.03935860058309, "53": 61.50779220779221, "54": 62.64682539682539, "55": 44.76465028355388, "56": 51.14578833693305, "57": 58.04044117647059, "58": 55.71882352941176, "59": 58.18304668304668, "60": 59.64861460957179, "61": 47.17231075697211, "62": 53.454853273137694, "63": 49.02795031055901, "64": 24.287692307692307, "65": 50.9258064516129, "66": 41.32722513089006, "67": 40.068527918781726, "68": 51.59150326797386, "69": 41.32722513089006, "70": 53.214606741573036, "71": 53.575791855203626, "72": 50.38404255319149, "73": 64.17479674796748, "74": 58.7605459057072, "75": 52.39048672566371, "76": 53.81931818181818, "77": 55.58802816901409, "78": 48.426380368098165, "79": 53.214606741573036, "80": 53.941913439635535, "81": 52.506651884700666, "82": 63.147999999999996, "83": 52.85825892857142, "84": 57.61678832116788, "85": 48.22912423625254, "86": 50.170550847457626, "87": 56.38214285714286, "88": 60.87532133676092, "89": 55.8502358490566, "90": 67.85243553008596, "91": 41.617750439367306, "92": 54.943155452436194}