file;precision;recall;f1-score
average;0.18181818181818182;0.0019528525596317478;0.0038642009384488
a2e_0009.csv;0.36363636363636365;0.0039057051192634955;0.0077284018768976
a2e_0010.csv;0;0.0;0
